order,hpin_seq,wt_targ_seq,mut_targ_seq,Overall_Defects,reacE,reacE_mut1,
4,GGGUUGCUUGGUACUAUCUUCUAUUUCAGAAAACACUUGUCUUGCGUUUUGUAAUGAAGCAUCUGAUCCGGUUCCAGAUUUUCCCUUGCUGUGCAGCGUGCAGAGGAGAAUACGUAUGCGCUGCACAGCAAGGGAAAAUAAUCUAGGUCAUCUCUGCACGAUGACCAUGAUUACGGAUUCACUGGCCGU,UAGGGAAGCUUCAUAAGUCAGUCUCAUCUGCAAAUACUUGUGGGAUUUUUAGCACAGCAAGUGGAAAAUCUGUCCAGGUAUCAGAUGCUUCAUUACAAAACGCAAGACAAGUGUUUUCUGAAAUAGAAGAUAGUACCAAGCAA,UAGGGAAGCUUCAUAAGUCAGUCUCAUCUGCAAAUACUUGUGGGAUUUUUAGCACAGCAAGGGAAAAUCUGUCCAGGUAUCAGAUGCUUCAUUACAAAACGCAAGACAAGUGUUUUCUGAAAUAGAAGAUAGUACCAAGCAA,0.42634,1.6,5.4,
7,GGGUUGCUUGGUACUAUCUUCUAUUUCAGAAAACACUUGUCUUGCGUUUUGUAAUGAAGCAUCUGAGAGUAAUACAGAUUUUCCCUUGCUGUGCAGCGCGGAGAGGAGAUCAAGGAUGCGCUGCACAGCAAGGGAAAAUCUUAUAAAUCCGUCAAAACAAAUGACCAUGAUUACGGAUUCACUGGCCGU,UAGGGAAGCUUCAUAAGUCAGUCUCAUCUGCAAAUACUUGUGGGAUUUUUAGCACAGCAAGUGGAAAAUCUGUCCAGGUAUCAGAUGCUUCAUUACAAAACGCAAGACAAGUGUUUUCUGAAAUAGAAGAUAGUACCAAGCAA,UAGGGAAGCUUCAUAAGUCAGUCUCAUCUGCAAAUACUUGUGGGAUUUUUAGCACAGCAAGGGAAAAUCUGUCCAGGUAUCAGAUGCUUCAUUACAAAACGCAAGACAAGUGUUUUCUGAAAUAGAAGAUAGUACCAAGCAA,0.43622,1.2,5,
8,GGGUUGCUUGGUACUAUCUUCUAUUUCAGAAAACACUUGUCUUGCGUUUUGUAAUGAAGCAUCUUGGUCGACCACAGAUUUUCCCUUGCUGUGCAGCGCGGAGAGGAGAUAGCUAAUGCGCUGCACAGCAAGGGAAAAUGUGUCAGCGGCACAACCUCACAUGACCAUGAUUACGGAUUCACUGGCCGU,UAGGGAAGCUUCAUAAGUCAGUCUCAUCUGCAAAUACUUGUGGGAUUUUUAGCACAGCAAGUGGAAAAUCUGUCCAGGUAUCAGAUGCUUCAUUACAAAACGCAAGACAAGUGUUUUCUGAAAUAGAAGAUAGUACCAAGCAA,UAGGGAAGCUUCAUAAGUCAGUCUCAUCUGCAAAUACUUGUGGGAUUUUUAGCACAGCAAGGGAAAAUCUGUCCAGGUAUCAGAUGCUUCAUUACAAAACGCAAGACAAGUGUUUUCUGAAAUAGAAGAUAGUACCAAGCAA,0.44809,1.2,5,
6,GGGUUGCUUGGUACUAUCUUCUAUUUCAGAAAACACUUGUCUUGCGUUUUGUAAUGAAGCAUCUUGCCAAACCGCAGAUUUUCCCUUGCUGUGCAGCGCUAAGAGGAGAGAAGUCAUGCGCUGCACAGCAAGGGAAAAUCGGACCAACAGUUAUCUAGCUAUGACCAUGAUUACGGAUUCACUGGCCGU,UAGGGAAGCUUCAUAAGUCAGUCUCAUCUGCAAAUACUUGUGGGAUUUUUAGCACAGCAAGUGGAAAAUCUGUCCAGGUAUCAGAUGCUUCAUUACAAAACGCAAGACAAGUGUUUUCUGAAAUAGAAGAUAGUACCAAGCAA,UAGGGAAGCUUCAUAAGUCAGUCUCAUCUGCAAAUACUUGUGGGAUUUUUAGCACAGCAAGGGAAAAUCUGUCCAGGUAUCAGAUGCUUCAUUACAAAACGCAAGACAAGUGUUUUCUGAAAUAGAAGAUAGUACCAAGCAA,0.43594,0.6,4.4,
1,GGGUUGCUUGGUACUAUCUUCUAUUUCAGAAAACACUUGUCUUGCGUUUUGUAAUGAAGCAUCUCGCGUCCUAUCAGAUUUUCCCUUGCUGUGCAGCGUAGAGAGGAGACUAUUCAUGCGCUGCACAGCAAGGGAAAAUGACAUUAAUUUCCCAAAAACCAUGACCAUGAUUACGGAUUCACUGGCCGU,UAGGGAAGCUUCAUAAGUCAGUCUCAUCUGCAAAUACUUGUGGGAUUUUUAGCACAGCAAGUGGAAAAUCUGUCCAGGUAUCAGAUGCUUCAUUACAAAACGCAAGACAAGUGUUUUCUGAAAUAGAAGAUAGUACCAAGCAA,UAGGGAAGCUUCAUAAGUCAGUCUCAUCUGCAAAUACUUGUGGGAUUUUUAGCACAGCAAGGGAAAAUCUGUCCAGGUAUCAGAUGCUUCAUUACAAAACGCAAGACAAGUGUUUUCUGAAAUAGAAGAUAGUACCAAGCAA,0.41718,0.3,4.1,
2,GGGUUGCUUGGUACUAUCUUCUAUUUCAGAAAACACUUGUCUUGCGUUUUGUAAUGAAGCAUCUUAAUGGGUAACAGAUUUUCCCUUGCUGUGCAGCGACUAGAGGAGAGUCUGGAUGCGCUGCACAGCAAGGGAAAAUGAACCUGCGUGCACGCCAUACAUGACCAUGAUUACGGAUUCACUGGCCGU,UAGGGAAGCUUCAUAAGUCAGUCUCAUCUGCAAAUACUUGUGGGAUUUUUAGCACAGCAAGUGGAAAAUCUGUCCAGGUAUCAGAUGCUUCAUUACAAAACGCAAGACAAGUGUUUUCUGAAAUAGAAGAUAGUACCAAGCAA,UAGGGAAGCUUCAUAAGUCAGUCUCAUCUGCAAAUACUUGUGGGAUUUUUAGCACAGCAAGGGAAAAUCUGUCCAGGUAUCAGAUGCUUCAUUACAAAACGCAAGACAAGUGUUUUCUGAAAUAGAAGAUAGUACCAAGCAA,0.4173,0.1,3.9,
5,GGGUUGCUUGGUACUAUCUUCUAUUUCAGAAAACACUUGUCUUGCGUUUUGUAAUGAAGCAUCUUGUUAGUGGGCAGAUUUUCCCUUGCUGUGCAGCGACCAGAGGAGAUCGUGAAUGCGCUGCACAGCAAGGGAAAAUGGAUCGACUACAUGUAACUGUAUGACCAUGAUUACGGAUUCACUGGCCGU,UAGGGAAGCUUCAUAAGUCAGUCUCAUCUGCAAAUACUUGUGGGAUUUUUAGCACAGCAAGUGGAAAAUCUGUCCAGGUAUCAGAUGCUUCAUUACAAAACGCAAGACAAGUGUUUUCUGAAAUAGAAGAUAGUACCAAGCAA,UAGGGAAGCUUCAUAAGUCAGUCUCAUCUGCAAAUACUUGUGGGAUUUUUAGCACAGCAAGGGAAAAUCUGUCCAGGUAUCAGAUGCUUCAUUACAAAACGCAAGACAAGUGUUUUCUGAAAUAGAAGAUAGUACCAAGCAA,0.42713,0.1,3.9,
3,GGGUUGCUUGGUACUAUCUUCUAUUUCAGAAAACACUUGUCUUGCGUUUUGUAAUGAAGCAUCUAUAAUCUCCUCAGAUUUUCCCUUGCUGUGCAGCGAGCAGAGGAGAUCCGCCAUGCGCUGCACAGCAAGGGAAAAUGAUUUAACUACACGGCAGAAAAUGACCAUGAUUACGGAUUCACUGGCCGU,UAGGGAAGCUUCAUAAGUCAGUCUCAUCUGCAAAUACUUGUGGGAUUUUUAGCACAGCAAGUGGAAAAUCUGUCCAGGUAUCAGAUGCUUCAUUACAAAACGCAAGACAAGUGUUUUCUGAAAUAGAAGAUAGUACCAAGCAA,UAGGGAAGCUUCAUAAGUCAGUCUCAUCUGCAAAUACUUGUGGGAUUUUUAGCACAGCAAGGGAAAAUCUGUCCAGGUAUCAGAUGCUUCAUUACAAAACGCAAGACAAGUGUUUUCUGAAAUAGAAGAUAGUACCAAGCAA,0.42529,0,3.8,
2,GGGUUGCUUGGUACUAUCUUCUAUUUCAGAAAACACUUGUCUUGCGUUUUGUAAUGAAGCAUCAGAAUGCUUUACAGAUUUUCCCUUGCUGUGCACAGCUUAGAGGAGACGCCCCAUGCUGUGCACAGCAAGGGAAAAUGGACUAUAUCUUGCGUGGAAUAUGACCAUGAUUACGGAUUCACUGGCCGU,UAGGGAAGCUUCAUAAGUCAGUCUCAUCUGCAAAUACUUGUGGGAUUUUUAGCACAGCAAGUGGAAAAUCUGUCCAGGUAUCAGAUGCUUCAUUACAAAACGCAAGACAAGUGUUUUCUGAAAUAGAAGAUAGUACCAAGCAA,UAGGGAAGCUUCAUAAGUCAGUCUCAUCUGCAAAUACUUGUGGGAUUUUUAGCACAGCAAGGGAAAAUCUGUCCAGGUAUCAGAUGCUUCAUUACAAAACGCAAGACAAGUGUUUUCUGAAAUAGAAGAUAGUACCAAGCAA,0.42002,-0.5,3.3,
7,GGGUUGCUUGGUACUAUCUUCUAUUUCAGAAAACACUUGUCUUGCGUUUUGUAAUGAAGCAUCAAACGAAGAUACAGAUUUUCCCUUGCUGUGCACAGUGAAGAGGAGACCGACCAUGCUGUGCACAGCAAGGGAAAAUACUGCGCAAAUCCUAGGGACGAUGACCAUGAUUACGGAUUCACUGGCCGU,UAGGGAAGCUUCAUAAGUCAGUCUCAUCUGCAAAUACUUGUGGGAUUUUUAGCACAGCAAGUGGAAAAUCUGUCCAGGUAUCAGAUGCUUCAUUACAAAACGCAAGACAAGUGUUUUCUGAAAUAGAAGAUAGUACCAAGCAA,UAGGGAAGCUUCAUAAGUCAGUCUCAUCUGCAAAUACUUGUGGGAUUUUUAGCACAGCAAGGGAAAAUCUGUCCAGGUAUCAGAUGCUUCAUUACAAAACGCAAGACAAGUGUUUUCUGAAAUAGAAGAUAGUACCAAGCAA,0.44848,-0.7,3.1,
8,GGGUUGCUUGGUACUAUCUUCUAUUUCAGAAAACACUUGUCUUGCGUUUUGUAAUGAAGCAUCACUGUCCGAUACAGAUUUUCCCUUGCUGUGCACAGUACAGAGGAGAUUCGUGAUGCUGUGCACAGCAAGGGAAAAUGAGGACCCGUCCUCAUUCCAAAUGACCAUGAUUACGGAUUCACUGGCCGU,UAGGGAAGCUUCAUAAGUCAGUCUCAUCUGCAAAUACUUGUGGGAUUUUUAGCACAGCAAGUGGAAAAUCUGUCCAGGUAUCAGAUGCUUCAUUACAAAACGCAAGACAAGUGUUUUCUGAAAUAGAAGAUAGUACCAAGCAA,UAGGGAAGCUUCAUAAGUCAGUCUCAUCUGCAAAUACUUGUGGGAUUUUUAGCACAGCAAGGGAAAAUCUGUCCAGGUAUCAGAUGCUUCAUUACAAAACGCAAGACAAGUGUUUUCUGAAAUAGAAGAUAGUACCAAGCAA,0.45289,-0.7,3.1,
4,GGGUUGCUUGGUACUAUCUUCUAUUUCAGAAAACACUUGUCUUGCGUUUUGUAAUGAAGCAUCCUACUGCAAAACAGAUUUUCCCUUGCUGUGCACAGUAGAGAGGAGAGGGGAUAUGCUGUGCACAGCAAGGGAAAAUAGCUACCAAUAUUGGAAUCAUAUGACCAUGAUUACGGAUUCACUGGCCGU,UAGGGAAGCUUCAUAAGUCAGUCUCAUCUGCAAAUACUUGUGGGAUUUUUAGCACAGCAAGUGGAAAAUCUGUCCAGGUAUCAGAUGCUUCAUUACAAAACGCAAGACAAGUGUUUUCUGAAAUAGAAGAUAGUACCAAGCAA,UAGGGAAGCUUCAUAAGUCAGUCUCAUCUGCAAAUACUUGUGGGAUUUUUAGCACAGCAAGGGAAAAUCUGUCCAGGUAUCAGAUGCUUCAUUACAAAACGCAAGACAAGUGUUUUCUGAAAUAGAAGAUAGUACCAAGCAA,0.42933,-1.6,2.2,
6,GGGUUGCUUGGUACUAUCUUCUAUUUCAGAAAACACUUGUCUUGCGUUUUGUAAUGAAGCAUCCGGCAGCCGGACAGAUUUUCCCUUGCUGUGCACAGCCAAGAGGAGAACAGAUAUGCUGUGCACAGCAAGGGAAAAUUUGGGGGAAGGUACUGGCAGAAUGACCAUGAUUACGGAUUCACUGGCCGU,UAGGGAAGCUUCAUAAGUCAGUCUCAUCUGCAAAUACUUGUGGGAUUUUUAGCACAGCAAGUGGAAAAUCUGUCCAGGUAUCAGAUGCUUCAUUACAAAACGCAAGACAAGUGUUUUCUGAAAUAGAAGAUAGUACCAAGCAA,UAGGGAAGCUUCAUAAGUCAGUCUCAUCUGCAAAUACUUGUGGGAUUUUUAGCACAGCAAGGGAAAAUCUGUCCAGGUAUCAGAUGCUUCAUUACAAAACGCAAGACAAGUGUUUUCUGAAAUAGAAGAUAGUACCAAGCAA,0.43939,-2,1.8,
3,GGGUUGCUUGGUACUAUCUUCUAUUUCAGAAAACACUUGUCUUGCGUUUUGUAAUGAAGCAUCUCUUCUAAUCACAGAUUUUCCCUUGCUGUGCACAGAUAAGAGGAGAUUUGACAUGCUGUGCACAGCAAGGGAAAAUGGUAGUAAUGUAUACUCAAACAUGACCAUGAUUACGGAUUCACUGGCCGU,UAGGGAAGCUUCAUAAGUCAGUCUCAUCUGCAAAUACUUGUGGGAUUUUUAGCACAGCAAGUGGAAAAUCUGUCCAGGUAUCAGAUGCUUCAUUACAAAACGCAAGACAAGUGUUUUCUGAAAUAGAAGAUAGUACCAAGCAA,UAGGGAAGCUUCAUAAGUCAGUCUCAUCUGCAAAUACUUGUGGGAUUUUUAGCACAGCAAGGGAAAAUCUGUCCAGGUAUCAGAUGCUUCAUUACAAAACGCAAGACAAGUGUUUUCUGAAAUAGAAGAUAGUACCAAGCAA,0.42748,-2.1,1.7,
1,GGGUUGCUUGGUACUAUCUUCUAUUUCAGAAAACACUUGUCUUGCGUUUUGUAAUGAAGCAUCAAUCCCUUGAACAGAUUUUCCCUUGCUGUGCACAGACUAGAGGAGACGGCAUAUGCUGUGCACAGCAAGGGAAAAUUCUAUUUCUGCUGCCAUAUUAAUGACCAUGAUUACGGAUUCACUGGCCGU,UAGGGAAGCUUCAUAAGUCAGUCUCAUCUGCAAAUACUUGUGGGAUUUUUAGCACAGCAAGUGGAAAAUCUGUCCAGGUAUCAGAUGCUUCAUUACAAAACGCAAGACAAGUGUUUUCUGAAAUAGAAGAUAGUACCAAGCAA,UAGGGAAGCUUCAUAAGUCAGUCUCAUCUGCAAAUACUUGUGGGAUUUUUAGCACAGCAAGGGAAAAUCUGUCCAGGUAUCAGAUGCUUCAUUACAAAACGCAAGACAAGUGUUUUCUGAAAUAGAAGAUAGUACCAAGCAA,0.40799,-2.2,1.6,
5,GGGUUGCUUGGUACUAUCUUCUAUUUCAGAAAACACUUGUCUUGCGUUUUGUAAUGAAGCAUCCGCUCCGAGAACAGAUUUUCCCUUGCUGUGCACAGACCAGAGGAGAAUAGAAAUGCUGUGCACAGCAAGGGAAAAUUCCCAUAGUGGGGCUCCCACCAUGACCAUGAUUACGGAUUCACUGGCCGU,UAGGGAAGCUUCAUAAGUCAGUCUCAUCUGCAAAUACUUGUGGGAUUUUUAGCACAGCAAGUGGAAAAUCUGUCCAGGUAUCAGAUGCUUCAUUACAAAACGCAAGACAAGUGUUUUCUGAAAUAGAAGAUAGUACCAAGCAA,UAGGGAAGCUUCAUAAGUCAGUCUCAUCUGCAAAUACUUGUGGGAUUUUUAGCACAGCAAGGGAAAAUCUGUCCAGGUAUCAGAUGCUUCAUUACAAAACGCAAGACAAGUGUUUUCUGAAAUAGAAGAUAGUACCAAGCAA,0.43419,-3.1,0.7,
9,GGGUUGCUUGGUACUAUCUUCUAUUUCAGAAAACACUUGUCUUGCGUUUUGUAAUGAAGCAUCGCGAGAAGUGACAGAUUUUCCCUUGCUGUGCACAGAGUAGAGGAGAUCCGGUAUGCUGUGCACAGCAAGGGAAAAUUUGGAGAGUCACUAUUGCAGGAUGACCAUGAUUACGGAUUCACUGGCCGU,UAGGGAAGCUUCAUAAGUCAGUCUCAUCUGCAAAUACUUGUGGGAUUUUUAGCACAGCAAGUGGAAAAUCUGUCCAGGUAUCAGAUGCUUCAUUACAAAACGCAAGACAAGUGUUUUCUGAAAUAGAAGAUAGUACCAAGCAA,UAGGGAAGCUUCAUAAGUCAGUCUCAUCUGCAAAUACUUGUGGGAUUUUUAGCACAGCAAGGGAAAAUCUGUCCAGGUAUCAGAUGCUUCAUUACAAAACGCAAGACAAGUGUUUUCUGAAAUAGAAGAUAGUACCAAGCAA,0.47876,-3.3,0.5,
6,GGGUUGCUUGGUACUAUCUUCUAUUUCAGAAAACACUUGUCUUGCGUUUUGUAAUGAAGCAUCAAAGUGGUCGACAGAUUUUCCCUUGCUGUGCACAGCAAAGAGGAGAGCUAAGAUGCUGUGCACAGCAAGGGAAAAUAUCAAAAUCUAUCCAGCCCCAAUGACCAUGAUUACGGAUUCACUGGCCGU,UAGGGAAGCUUCAUAAGUCAGUCUCAUCUGCAAAUACUUGUGGGAUUUUUAGCACAGCAAGUGGAAAAUCUGUCCAGGUAUCAGAUGCUUCAUUACAAAACGCAAGACAAGUGUUUUCUGAAAUAGAAGAUAGUACCAAGCAA,UAGGGAAGCUUCAUAAGUCAGUCUCAUCUGCAAAUACUUGUGGGAUUUUUAGCACAGCAAGGGAAAAUCUGUCCAGGUAUCAGAUGCUUCAUUACAAAACGCAAGACAAGUGUUUUCUGAAAUAGAAGAUAGUACCAAGCAA,0.43982,-4.8,-1,
3,GGGUUGCUUGGUACUAUCUUCUAUUUCAGAAAACACUUGUCUUGCGUUUUGUAAUGAAGCAUUCGGGAAAUCGACAGAUUUUCCCUUGCUGUGCACAGUGCAGAGGAGAUAGAUCAUGCUGUGCACAGCAAGGGAAAAUACACUAUGGUGUACAGAAUCGAUGACCAUGAUUACGGAUUCACUGGCCGU,UAGGGAAGCUUCAUAAGUCAGUCUCAUCUGCAAAUACUUGUGGGAUUUUUAGCACAGCAAGUGGAAAAUCUGUCCAGGUAUCAGAUGCUUCAUUACAAAACGCAAGACAAGUGUUUUCUGAAAUAGAAGAUAGUACCAAGCAA,UAGGGAAGCUUCAUAAGUCAGUCUCAUCUGCAAAUACUUGUGGGAUUUUUAGCACAGCAAGGGAAAAUCUGUCCAGGUAUCAGAUGCUUCAUUACAAAACGCAAGACAAGUGUUUUCUGAAAUAGAAGAUAGUACCAAGCAA,0.4141,-5,-1.2,
4,GGGUUGCUUGGUACUAUCUUCUAUUUCAGAAAACACUUGUCUUGCGUUUUGUAAUGAAGCAUUUUAUCUACAGACAGAUUUUCCCUUGCUGUGCACAGCCAAGAGGAGAGGACGCAUGCUGUGCACAGCAAGGGAAAAUCAGCGCUCAAGAAGAUUUGUCAUGACCAUGAUUACGGAUUCACUGGCCGU,UAGGGAAGCUUCAUAAGUCAGUCUCAUCUGCAAAUACUUGUGGGAUUUUUAGCACAGCAAGUGGAAAAUCUGUCCAGGUAUCAGAUGCUUCAUUACAAAACGCAAGACAAGUGUUUUCUGAAAUAGAAGAUAGUACCAAGCAA,UAGGGAAGCUUCAUAAGUCAGUCUCAUCUGCAAAUACUUGUGGGAUUUUUAGCACAGCAAGGGAAAAUCUGUCCAGGUAUCAGAUGCUUCAUUACAAAACGCAAGACAAGUGUUUUCUGAAAUAGAAGAUAGUACCAAGCAA,0.42702,-5.4,-1.6,
5,GGGUUGCUUGGUACUAUCUUCUAUUUCAGAAAACACUUGUCUUGCGUUUUGUAAUGAAGCAUUCUCAGAGGGGACAGAUUUUCCCUUGCUGUGCACAGGUCAGAGGAGAGCCGGAAUGCUGUGCACAGCAAGGGAAAAUAUGCGCGCUCAAAUGGGCGACAUGACCAUGAUUACGGAUUCACUGGCCGU,UAGGGAAGCUUCAUAAGUCAGUCUCAUCUGCAAAUACUUGUGGGAUUUUUAGCACAGCAAGUGGAAAAUCUGUCCAGGUAUCAGAUGCUUCAUUACAAAACGCAAGACAAGUGUUUUCUGAAAUAGAAGAUAGUACCAAGCAA,UAGGGAAGCUUCAUAAGUCAGUCUCAUCUGCAAAUACUUGUGGGAUUUUUAGCACAGCAAGGGAAAAUCUGUCCAGGUAUCAGAUGCUUCAUUACAAAACGCAAGACAAGUGUUUUCUGAAAUAGAAGAUAGUACCAAGCAA,0.43149,-5.8,-2,
7,GGGUUGCUUGGUACUAUCUUCUAUUUCAGAAAACACUUGUCUUGCGUUUUGUAAUGAAGCAUGGUCGGGUCCGACAGAUUUUCCCUUGCUGUGCACAGGAUAGAGGAGAUAUGCUAUGCUGUGCACAGCAAGGGAAAAUCUGGCUGUCGAACAGGCAUUGAUGACCAUGAUUACGGAUUCACUGGCCGU,UAGGGAAGCUUCAUAAGUCAGUCUCAUCUGCAAAUACUUGUGGGAUUUUUAGCACAGCAAGUGGAAAAUCUGUCCAGGUAUCAGAUGCUUCAUUACAAAACGCAAGACAAGUGUUUUCUGAAAUAGAAGAUAGUACCAAGCAA,UAGGGAAGCUUCAUAAGUCAGUCUCAUCUGCAAAUACUUGUGGGAUUUUUAGCACAGCAAGGGAAAAUCUGUCCAGGUAUCAGAUGCUUCAUUACAAAACGCAAGACAAGUGUUUUCUGAAAUAGAAGAUAGUACCAAGCAA,0.46831,-5.8,-2,
2,GGGUUGCUUGGUACUAUCUUCUAUUUCAGAAAACACUUGUCUUGCGUUUUGUAAUGAAGCAUGCGACGCGAGGACAGAUUUUCCCUUGCUGUGCACAGACUAGAGGAGAAUGUGCAUGCUGUGCACAGCAAGGGAAAAUCAAUGUUCUACUACAUUGCCAAUGACCAUGAUUACGGAUUCACUGGCCGU,UAGGGAAGCUUCAUAAGUCAGUCUCAUCUGCAAAUACUUGUGGGAUUUUUAGCACAGCAAGUGGAAAAUCUGUCCAGGUAUCAGAUGCUUCAUUACAAAACGCAAGACAAGUGUUUUCUGAAAUAGAAGAUAGUACCAAGCAA,UAGGGAAGCUUCAUAAGUCAGUCUCAUCUGCAAAUACUUGUGGGAUUUUUAGCACAGCAAGGGAAAAUCUGUCCAGGUAUCAGAUGCUUCAUUACAAAACGCAAGACAAGUGUUUUCUGAAAUAGAAGAUAGUACCAAGCAA,0.40858,-5.9,-2.1,
1,GGGUUGCUUGGUACUAUCUUCUAUUUCAGAAAACACUUGUCUUGCGUUUUGUAAUGAAGCAUAAGUUUAUUGGACAGAUUUUCCCUUGCUGUGCACAGGUAAGAGGAGAUCUAAGAUGCUGUGCACAGCAAGGGAAAAUGCAUGCGGCGUACACAUCCGAAUGACCAUGAUUACGGAUUCACUGGCCGU,UAGGGAAGCUUCAUAAGUCAGUCUCAUCUGCAAAUACUUGUGGGAUUUUUAGCACAGCAAGUGGAAAAUCUGUCCAGGUAUCAGAUGCUUCAUUACAAAACGCAAGACAAGUGUUUUCUGAAAUAGAAGAUAGUACCAAGCAA,UAGGGAAGCUUCAUAAGUCAGUCUCAUCUGCAAAUACUUGUGGGAUUUUUAGCACAGCAAGGGAAAAUCUGUCCAGGUAUCAGAUGCUUCAUUACAAAACGCAAGACAAGUGUUUUCUGAAAUAGAAGAUAGUACCAAGCAA,0.40529,-6.3,-2.5,
