assemble_off_seq,assemble_on_seq,hairpin_seq,target_snp_seq,target_wt_seq,assemble_off_struct,assemble_on_struct,hairpin_struct,target_snp_struct,target_wt_struct,assemble_off_def,assemble_on_def,hairpin_def,target_snp_def,target_wt_def,assemble_off_dG,assemble_on_dG,hairpin_dG,target_snp_dG,target_wt_dG,overall def,
GGGCCUGGCACCAUUAAAGAAAAUAUCAUCUUUGGUGUUUCCUAUGAUGAAUAUAGAUACAGAAGCGUCAUC+GGGGAUGACGCUUCUGUAUCUAUCAGCUUCGGAGGAAACACCAAUGAUAUUUUCGGAAGGAAGAGGAGACUCCUGAUGUUCCGAAAAUAUCAUUGGUGUAACGAAAGGGGCUGCCAUAUCAUGACCAUGAUUACGGAUUCACUGGCCGU,GGGCCUGGCACCAUUAAAGAAAAUAUCAUUGGUGUUUCCUAUGAUGAAUAUAGAUACAGAAGCGUCAUC+GGGGAUGACGCUUCUGUAUCUAUCAGCUUCGGAGGAAACACCAAUGAUAUUUUCGGAAGGAAGAGGAGACUCCUGAUGUUCCGAAAAUAUCAUUGGUGUAACGAAAGGGGCUGCCAUAUCAUGACCAUGAUUACGGAUUCACUGGCCGU,GGGGAUGACGCUUCUGUAUCUAUCAGCUUCGGAGGAAACACCAAUGAUAUUUUCGGAAGGAAGAGGAGACUCCUGAUGUUCCGAAAAUAUCAUUGGUGUAACGAAAGGGGCUGCCAUAUCAUGACCAUGAUUACGGAUUCACUGGCCGU,GGGCCUGGCACCAUUAAAGAAAAUAUCAUUGGUGUUUCCUAUGAUGAAUAUAGAUACAGAAGCGUCAUC,GGGCCUGGCACCAUUAAAGAAAAUAUCAUCUUUGGUGUUUCCUAUGAUGAAUAUAGAUACAGAAGCGUCAUC,....................................................((((((((((((((((((((+...))))))))))))))))))))..............(((((((((((((((((((((....................)))))))))))))))))))))..................................................,..................(((((((((((((((((((((..........((((((((((((((((((((+...))))))))))))))))))))..........)))))))))))))))))))))...............................................................................................,.....................................(((((((((((((((((((((....................)))))))))))))))))))))..................................................,.....................................................................,........................................................................,0.341292,0.337855,0.329440,0.489270,0.522558,-93.686234,-93.599895,-51.900189,-14.096239,-15.493308,0.40408,
GGGCCUGGCACCAUUAAAGAAAAUAUCAUCUUUGGUGUUUCCUAUGAUGAAUAUAGAUACAGAAGCGUCAUC+GGGGAUGACGCUUCUGUAUCUAUUAUAAAGGAAGGAAACACCAAUGAUAUUUUCGGAAGGUAGAGGAGAUUGGGGAUGUUCCGAAAAUAUCAUUGGUGUGUUCGCUACCCAGGUCAGCAAAUGACCAUGAUUACGGAUUCACUGGCCGU,GGGCCUGGCACCAUUAAAGAAAAUAUCAUUGGUGUUUCCUAUGAUGAAUAUAGAUACAGAAGCGUCAUC+GGGGAUGACGCUUCUGUAUCUAUUAUAAAGGAAGGAAACACCAAUGAUAUUUUCGGAAGGUAGAGGAGAUUGGGGAUGUUCCGAAAAUAUCAUUGGUGUGUUCGCUACCCAGGUCAGCAAAUGACCAUGAUUACGGAUUCACUGGCCGU,GGGGAUGACGCUUCUGUAUCUAUUAUAAAGGAAGGAAACACCAAUGAUAUUUUCGGAAGGUAGAGGAGAUUGGGGAUGUUCCGAAAAUAUCAUUGGUGUGUUCGCUACCCAGGUCAGCAAAUGACCAUGAUUACGGAUUCACUGGCCGU,GGGCCUGGCACCAUUAAAGAAAAUAUCAUUGGUGUUUCCUAUGAUGAAUAUAGAUACAGAAGCGUCAUC,GGGCCUGGCACCAUUAAAGAAAAUAUCAUCUUUGGUGUUUCCUAUGAUGAAUAUAGAUACAGAAGCGUCAUC,....................................................((((((((((((((((((((+...))))))))))))))))))))..............(((((((((((((((((((((....................)))))))))))))))))))))..................................................,..................(((((((((((((((((((((..........((((((((((((((((((((+...))))))))))))))))))))..........)))))))))))))))))))))...............................................................................................,.....................................(((((((((((((((((((((....................)))))))))))))))))))))..................................................,.....................................................................,........................................................................,0.342499,0.327518,0.341068,0.489270,0.522558,-93.236961,-92.119535,-52.271156,-14.096239,-15.493308,0.40458,
GGGCCUGGCACCAUUAAAGAAAAUAUCAUCUUUGGUGUUUCCUAUGAUGAAUAUAGAUACAGAAGCGUCAUC+GGGGAUGACGCUUCUGUAUCUAUGCCUGCUAUUGGAAACACCAAUGAUAUUUUCGGAACAGAGAGGAGAUAGCGUAUGUUCCGAAAAUAUCAUUGGUGUAAUAAACAGAAAUCAGCCAUCAUGACCAUGAUUACGGAUUCACUGGCCGU,GGGCCUGGCACCAUUAAAGAAAAUAUCAUUGGUGUUUCCUAUGAUGAAUAUAGAUACAGAAGCGUCAUC+GGGGAUGACGCUUCUGUAUCUAUGCCUGCUAUUGGAAACACCAAUGAUAUUUUCGGAACAGAGAGGAGAUAGCGUAUGUUCCGAAAAUAUCAUUGGUGUAAUAAACAGAAAUCAGCCAUCAUGACCAUGAUUACGGAUUCACUGGCCGU,GGGGAUGACGCUUCUGUAUCUAUGCCUGCUAUUGGAAACACCAAUGAUAUUUUCGGAACAGAGAGGAGAUAGCGUAUGUUCCGAAAAUAUCAUUGGUGUAAUAAACAGAAAUCAGCCAUCAUGACCAUGAUUACGGAUUCACUGGCCGU,GGGCCUGGCACCAUUAAAGAAAAUAUCAUUGGUGUUUCCUAUGAUGAAUAUAGAUACAGAAGCGUCAUC,GGGCCUGGCACCAUUAAAGAAAAUAUCAUCUUUGGUGUUUCCUAUGAUGAAUAUAGAUACAGAAGCGUCAUC,....................................................((((((((((((((((((((+...))))))))))))))))))))..............(((((((((((((((((((((....................)))))))))))))))))))))..................................................,..................(((((((((((((((((((((..........((((((((((((((((((((+...))))))))))))))))))))..........)))))))))))))))))))))...............................................................................................,.....................................(((((((((((((((((((((....................)))))))))))))))))))))..................................................,.....................................................................,........................................................................,0.308295,0.446149,0.338526,0.489270,0.522558,-89.873544,-88.345864,-49.411261,-14.096239,-15.493308,0.42096,
GGGCCUGGCACCAUUAAAGAAAAUAUCAUCUUUGGUGUUUCCUAUGAUGAAUAUAGAUACAGAAGCGUCAUC+GGGGAUGACGCUUCUGUAUCUAUACAAGGGGUGGGAAACACCAAUGAUAUUUUCGGAAUCGAGAGGAGAGAAGCUAUGUUCCGAAAAUAUCAUUGGUGUGCCGAUAUCACAGGAGGCGUAAUGACCAUGAUUACGGAUUCACUGGCCGU,GGGCCUGGCACCAUUAAAGAAAAUAUCAUUGGUGUUUCCUAUGAUGAAUAUAGAUACAGAAGCGUCAUC+GGGGAUGACGCUUCUGUAUCUAUACAAGGGGUGGGAAACACCAAUGAUAUUUUCGGAAUCGAGAGGAGAGAAGCUAUGUUCCGAAAAUAUCAUUGGUGUGCCGAUAUCACAGGAGGCGUAAUGACCAUGAUUACGGAUUCACUGGCCGU,GGGGAUGACGCUUCUGUAUCUAUACAAGGGGUGGGAAACACCAAUGAUAUUUUCGGAAUCGAGAGGAGAGAAGCUAUGUUCCGAAAAUAUCAUUGGUGUGCCGAUAUCACAGGAGGCGUAAUGACCAUGAUUACGGAUUCACUGGCCGU,GGGCCUGGCACCAUUAAAGAAAAUAUCAUUGGUGUUUCCUAUGAUGAAUAUAGAUACAGAAGCGUCAUC,GGGCCUGGCACCAUUAAAGAAAAUAUCAUCUUUGGUGUUUCCUAUGAUGAAUAUAGAUACAGAAGCGUCAUC,....................................................((((((((((((((((((((+...))))))))))))))))))))..............(((((((((((((((((((((....................)))))))))))))))))))))..................................................,..................(((((((((((((((((((((..........((((((((((((((((((((+...))))))))))))))))))))..........)))))))))))))))))))))...............................................................................................,.....................................(((((((((((((((((((((....................)))))))))))))))))))))..................................................,.....................................................................,........................................................................,0.361986,0.382734,0.349546,0.489270,0.522558,-92.130094,-92.170640,-53.437451,-14.096239,-15.493308,0.42122,
GGGCCUGGCACCAUUAAAGAAAAUAUCAUCUUUGGUGUUUCCUAUGAUGAAUAUAGAUACAGAAGCGUCAUC+GGGGAUGACGCUUCUGUAUCUAUACAUUCGGGGGGAAACACCAAUGAUAUUUUCGGAAUCCAGAGGAGAAAGUGUAUGUUCCGAAAAUAUCAUUGGUGUGUCUCUUUAAGAAUUUGGGUAAUGACCAUGAUUACGGAUUCACUGGCCGU,GGGCCUGGCACCAUUAAAGAAAAUAUCAUUGGUGUUUCCUAUGAUGAAUAUAGAUACAGAAGCGUCAUC+GGGGAUGACGCUUCUGUAUCUAUACAUUCGGGGGGAAACACCAAUGAUAUUUUCGGAAUCCAGAGGAGAAAGUGUAUGUUCCGAAAAUAUCAUUGGUGUGUCUCUUUAAGAAUUUGGGUAAUGACCAUGAUUACGGAUUCACUGGCCGU,GGGGAUGACGCUUCUGUAUCUAUACAUUCGGGGGGAAACACCAAUGAUAUUUUCGGAAUCCAGAGGAGAAAGUGUAUGUUCCGAAAAUAUCAUUGGUGUGUCUCUUUAAGAAUUUGGGUAAUGACCAUGAUUACGGAUUCACUGGCCGU,GGGCCUGGCACCAUUAAAGAAAAUAUCAUUGGUGUUUCCUAUGAUGAAUAUAGAUACAGAAGCGUCAUC,GGGCCUGGCACCAUUAAAGAAAAUAUCAUCUUUGGUGUUUCCUAUGAUGAAUAUAGAUACAGAAGCGUCAUC,....................................................((((((((((((((((((((+...))))))))))))))))))))..............(((((((((((((((((((((....................)))))))))))))))))))))..................................................,..................(((((((((((((((((((((..........((((((((((((((((((((+...))))))))))))))))))))..........)))))))))))))))))))))...............................................................................................,.....................................(((((((((((((((((((((....................)))))))))))))))))))))..................................................,.....................................................................,........................................................................,0.346472,0.461492,0.338319,0.489270,0.522558,-93.250913,-93.064051,-51.104766,-14.096239,-15.493308,0.43162,
GGGCCUGGCACCAUUAAAGAAAAUAUCAUCUUUGGUGUUUCCUAUGAUGAAUAUAGAUACAGAAGCGUCAUC+GGGGAUGACGCUUCUGUAUCUAUGUAGGAGCGCGGAAACACCAAUGAUAUUUUCGGAACAGAGAGGAGAAGCGCAAUGUUCCGAAAAUAUCAUUGGUGUGGUCCUGACUGUACUGUGCGAAUGACCAUGAUUACGGAUUCACUGGCCGU,GGGCCUGGCACCAUUAAAGAAAAUAUCAUUGGUGUUUCCUAUGAUGAAUAUAGAUACAGAAGCGUCAUC+GGGGAUGACGCUUCUGUAUCUAUGUAGGAGCGCGGAAACACCAAUGAUAUUUUCGGAACAGAGAGGAGAAGCGCAAUGUUCCGAAAAUAUCAUUGGUGUGGUCCUGACUGUACUGUGCGAAUGACCAUGAUUACGGAUUCACUGGCCGU,GGGGAUGACGCUUCUGUAUCUAUGUAGGAGCGCGGAAACACCAAUGAUAUUUUCGGAACAGAGAGGAGAAGCGCAAUGUUCCGAAAAUAUCAUUGGUGUGGUCCUGACUGUACUGUGCGAAUGACCAUGAUUACGGAUUCACUGGCCGU,GGGCCUGGCACCAUUAAAGAAAAUAUCAUUGGUGUUUCCUAUGAUGAAUAUAGAUACAGAAGCGUCAUC,GGGCCUGGCACCAUUAAAGAAAAUAUCAUCUUUGGUGUUUCCUAUGAUGAAUAUAGAUACAGAAGCGUCAUC,....................................................((((((((((((((((((((+...))))))))))))))))))))..............(((((((((((((((((((((....................)))))))))))))))))))))..................................................,..................(((((((((((((((((((((..........((((((((((((((((((((+...))))))))))))))))))))..........)))))))))))))))))))))...............................................................................................,.....................................(((((((((((((((((((((....................)))))))))))))))))))))..................................................,.....................................................................,........................................................................,0.338687,0.525947,0.315044,0.489270,0.522558,-93.335691,-91.631897,-55.281633,-14.096239,-15.493308,0.4383,
GGGCCUGGCACCAUUAAAGAAAAUAUCAUCUUUGGUGUUUCCUAUGAUGAAUAUAGAUACAGAAGCGUCAUC+GGGGAUGACGCUUCUGUAUCUAUUCACUUUUCGGGAAACACCAAUGAUAUUUUCGGAACCAAGAGGAGAGCCACGAUGUUCCGAAAAUAUCAUUGGUGUUUCGCCGUAUUGCUAAGAAAAAUGACCAUGAUUACGGAUUCACUGGCCGU,GGGCCUGGCACCAUUAAAGAAAAUAUCAUUGGUGUUUCCUAUGAUGAAUAUAGAUACAGAAGCGUCAUC+GGGGAUGACGCUUCUGUAUCUAUUCACUUUUCGGGAAACACCAAUGAUAUUUUCGGAACCAAGAGGAGAGCCACGAUGUUCCGAAAAUAUCAUUGGUGUUUCGCCGUAUUGCUAAGAAAAAUGACCAUGAUUACGGAUUCACUGGCCGU,GGGGAUGACGCUUCUGUAUCUAUUCACUUUUCGGGAAACACCAAUGAUAUUUUCGGAACCAAGAGGAGAGCCACGAUGUUCCGAAAAUAUCAUUGGUGUUUCGCCGUAUUGCUAAGAAAAAUGACCAUGAUUACGGAUUCACUGGCCGU,GGGCCUGGCACCAUUAAAGAAAAUAUCAUUGGUGUUUCCUAUGAUGAAUAUAGAUACAGAAGCGUCAUC,GGGCCUGGCACCAUUAAAGAAAAUAUCAUCUUUGGUGUUUCCUAUGAUGAAUAUAGAUACAGAAGCGUCAUC,....................................................((((((((((((((((((((+...))))))))))))))))))))..............(((((((((((((((((((((....................)))))))))))))))))))))..................................................,..................(((((((((((((((((((((..........((((((((((((((((((((+...))))))))))))))))))))..........)))))))))))))))))))))...............................................................................................,.....................................(((((((((((((((((((((....................)))))))))))))))))))))..................................................,.....................................................................,........................................................................,0.321678,0.513427,0.360484,0.489270,0.522558,-92.990138,-91.616787,-52.170020,-14.096239,-15.493308,0.44148,
GGGCCUGGCACCAUUAAAGAAAAUAUCAUCUUUGGUGUUUCCUAUGAUGAAUAUAGAUACAGAAGCGUCAUC+GGGGAUGACGCUUCUGUAUCUAUGUGUAACGCCGGAAACACCAAUGAUAUUUUCGGAACACAGAGGAGAGCGUCGAUGUUCCGAAAAUAUCAUUGGUGUGGCAGCGCGCAAGAUGCGGUGAUGACCAUGAUUACGGAUUCACUGGCCGU,GGGCCUGGCACCAUUAAAGAAAAUAUCAUUGGUGUUUCCUAUGAUGAAUAUAGAUACAGAAGCGUCAUC+GGGGAUGACGCUUCUGUAUCUAUGUGUAACGCCGGAAACACCAAUGAUAUUUUCGGAACACAGAGGAGAGCGUCGAUGUUCCGAAAAUAUCAUUGGUGUGGCAGCGCGCAAGAUGCGGUGAUGACCAUGAUUACGGAUUCACUGGCCGU,GGGGAUGACGCUUCUGUAUCUAUGUGUAACGCCGGAAACACCAAUGAUAUUUUCGGAACACAGAGGAGAGCGUCGAUGUUCCGAAAAUAUCAUUGGUGUGGCAGCGCGCAAGAUGCGGUGAUGACCAUGAUUACGGAUUCACUGGCCGU,GGGCCUGGCACCAUUAAAGAAAAUAUCAUUGGUGUUUCCUAUGAUGAAUAUAGAUACAGAAGCGUCAUC,GGGCCUGGCACCAUUAAAGAAAAUAUCAUCUUUGGUGUUUCCUAUGAUGAAUAUAGAUACAGAAGCGUCAUC,....................................................((((((((((((((((((((+...))))))))))))))))))))..............(((((((((((((((((((((....................)))))))))))))))))))))..................................................,..................(((((((((((((((((((((..........((((((((((((((((((((+...))))))))))))))))))))..........)))))))))))))))))))))...............................................................................................,.....................................(((((((((((((((((((((....................)))))))))))))))))))))..................................................,.....................................................................,........................................................................,0.351871,0.510781,0.379836,0.489270,0.522558,-98.087391,-96.489566,-57.430826,-14.096239,-15.493308,0.45086,
GGGCCUGGCACCAUUAAAGAAAAUAUCAUCUUUGGUGUUUCCUAUGAUGAAUAUAGAUACAGAAGCGUCAUC+GGGGAUGACGCUUCUGUAUCUAUGGAGUGCUGUGGAAACACCAAUGAUAUUUUCGGAAUCUAGAGGAGACAGAUUAUGUUCCGAAAAUAUCAUUGGUGUCUCGUCGCUGACGAAAUGGCCAUGACCAUGAUUACGGAUUCACUGGCCGU,GGGCCUGGCACCAUUAAAGAAAAUAUCAUUGGUGUUUCCUAUGAUGAAUAUAGAUACAGAAGCGUCAUC+GGGGAUGACGCUUCUGUAUCUAUGGAGUGCUGUGGAAACACCAAUGAUAUUUUCGGAAUCUAGAGGAGACAGAUUAUGUUCCGAAAAUAUCAUUGGUGUCUCGUCGCUGACGAAAUGGCCAUGACCAUGAUUACGGAUUCACUGGCCGU,GGGGAUGACGCUUCUGUAUCUAUGGAGUGCUGUGGAAACACCAAUGAUAUUUUCGGAAUCUAGAGGAGACAGAUUAUGUUCCGAAAAUAUCAUUGGUGUCUCGUCGCUGACGAAAUGGCCAUGACCAUGAUUACGGAUUCACUGGCCGU,GGGCCUGGCACCAUUAAAGAAAAUAUCAUUGGUGUUUCCUAUGAUGAAUAUAGAUACAGAAGCGUCAUC,GGGCCUGGCACCAUUAAAGAAAAUAUCAUCUUUGGUGUUUCCUAUGAUGAAUAUAGAUACAGAAGCGUCAUC,....................................................((((((((((((((((((((+...))))))))))))))))))))..............(((((((((((((((((((((....................)))))))))))))))))))))..................................................,..................(((((((((((((((((((((..........((((((((((((((((((((+...))))))))))))))))))))..........)))))))))))))))))))))...............................................................................................,.....................................(((((((((((((((((((((....................)))))))))))))))))))))..................................................,.....................................................................,........................................................................,0.383600,0.463878,0.419163,0.489270,0.522558,-96.788875,-95.421527,-57.611905,-14.096239,-15.493308,0.45569,
